{"cameraMode":{"drawMode":0,"name":"Shaded","section":"Shading Mode"},"sceneLighting":true,"audioPlay":false,"sceneViewState":{"m_AlwaysRefresh":false,"showFog":true,"showSkybox":true,"showFlares":true,"showImageEffects":true,"showParticleSystems":true,"showVisualEffectGraphs":true,"m_FxEnabled":true},"in2DMode":false,"pivot":{"x":1.0001307725906373,"y":0.5215004682540894,"z":-3.6632280349731447},"rotation":{"x":-0.05215149000287056,"y":-0.7539494037628174,"z":0.060301948338747028,"w":-0.6520845890045166},"size":3.018219232559204,"orthographic":false}